Consultas principales,Clics,Impresiones,CTR,Posición
como prescribir una deuda de tag,1,1,100%,15
2515 cc,0,15,0%,19.33
cuánto tiempo prescribe deuda de tag,0,10,0%,48.6
servicios legales en linea,0,10,0%,53
deuda de autopista prescribe,0,10,0%,54.9
servicios legales,0,9,0%,56.78
ley karin,0,9,0%,98.78
posesión efectiva online,0,8,0%,89.88
prescripcion deuda tag,0,7,0%,40.71
las deudas de tag prescriben,0,7,0%,58.71
certificado de antecedentes para fines especiales,0,6,0%,30.83
prescripción deuda tag,0,6,0%,42.67
prescripción de multas de tag,0,6,0%,60.83
proceso de divorcio de comun acuerdo,0,6,0%,72
certificado para fines especiales,0,5,0%,17.4
artículo 2515,0,5,0%,33.6
certificado antecedentes fines especiales,0,5,0%,35.8
ley karin chile,0,5,0%,94.2
antecedentes fines especiales,0,4,0%,17.75
certificado de antecedentes para fines especiales o particulares,0,4,0%,52.5
poder simple,0,4,0%,56.25
hoja de vida del conductor limpiar,0,4,0%,63.25
prescripcion deuda tesoreria,0,4,0%,66.5
como pedir regimen de visitas,0,4,0%,72.5
notaria rancagua,0,4,0%,73.75
como crear una spa,0,4,0%,85.5
multas de tag prescritas,0,4,0%,90.5
notaría,0,3,0%,5
las deudas de tag prescriben en chile,0,3,0%,13
articulo 2515 codigo civil,0,3,0%,23
antecedentes especiales,0,3,0%,33
certificado de antecedentes para fines especiales registro civil,0,3,0%,41
anexo de contrato,0,3,0%,44.33
reclamo cmf bancos,0,3,0%,45
denuncia por despido injustificado,0,3,0%,55
poder simple escrito a mano,0,3,0%,70.33
donde hacer carta de renuncia,0,3,0%,73.67
notaría ñuñoa,0,3,0%,79
registro civil posesion efectiva,0,3,0%,81.33
modelo de contrato mutuo,0,3,0%,83.67
contrato de promesa de compraventa,0,3,0%,85
posesión efectiva registro civil,0,3,0%,85
notaria providencia,0,3,0%,86.33
posesión efectiva y herencias antofagasta,0,3,0%,87
contrato de arriendo de casa,0,3,0%,89
2130 cc,0,2,0%,5
ruidos molestos quilicura,0,2,0%,5
multas de transito arica,0,2,0%,9
subtel copiapo,0,2,0%,11
codigo civil chile articulo 2515 prescripcion 5 anos,0,2,0%,11.5
jpl colina,0,2,0%,12.5
mandato especial,0,2,0%,12.5
prescripcion deudas tag,0,2,0%,16.5
papel antecedentes fines especiales,0,2,0%,25.5
antecedentes para fines especiales,0,2,0%,32.5
certificado de antecedentes fines especiales,0,2,0%,36.5
diferencia certificado antecedentes fines especiales y particulares,0,2,0%,37.5
denuncia maltrato animal,0,2,0%,38.5
poder notarial,0,2,0%,40
denuncia ruidos molestos,0,2,0%,45
prescripción de partes de transito,0,2,0%,57.5
carta de poder simple,0,2,0%,58
contratos por obra o faena,0,2,0%,59.5
modelo poder simple,0,2,0%,61
prescripción deuda tesorería general república,0,2,0%,62.5
registro nacional de deudores de pensiones de alimentos certificado,0,2,0%,66
reclamo por despido injustificado,0,2,0%,71.5
servicios legales y juridicos,0,2,0%,71.5
prescripcion deudas tesoreria,0,2,0%,72
solicitar prescripción deuda tesorería,0,2,0%,72
denuncia fiscalía online,0,2,0%,72.5
reclamo contra isapre,0,2,0%,72.5
denuncias online fiscalia,0,2,0%,73
demanda de arrendamiento,0,2,0%,73.5
notaría en rancagua,0,2,0%,74.5
registro nacional de deudores,0,2,0%,77
donde hacer una carta de renuncia,0,2,0%,77.5
empresa spa,0,2,0%,78
contrato de honorarios,0,2,0%,80
despido de mutuo acuerdo,0,2,0%,81.5
puedo vender mi auto si estoy casado,0,2,0%,82
registro de deudores de alimentos,0,2,0%,82
registro nacional de deudores de alimentos,0,2,0%,82
notaria ñuñoa,0,2,0%,82.5
denuncia por despido improcedente,0,2,0%,83.5
registro de deudores alimentarios,0,2,0%,83.5
notarias en iquique,0,2,0%,85.5
promesa de compraventa chile,0,2,0%,85.5
notaria en ñuñoa,0,2,0%,88.5
como demandar a una empresa por despido injustificado,0,2,0%,89.5
demanda de alimentos,0,2,0%,90.5
sociedad por acciones spa,0,2,0%,95.5
solicitar prescripción de multas de tránsito,0,1,0%,4
denunciar ruidos molestos,0,1,0%,6
multas de transito puerto montt,0,1,0%,7
ruidos molestos antofagasta,0,1,0%,7
ruidos molestos la florida,0,1,0%,7
cuánto sale una declaración jurada,0,1,0%,8
poder bancario,0,1,0%,8
prescripcion multas de transito,0,1,0%,8
multas rancagua,0,1,0%,9
notaria,0,1,0%,9
prescribir multas,0,1,0%,9
codigo civil chile articulo 2515 prescripcion cinco anos,0,1,0%,10
declaracion jurada municipalidad de maipu,0,1,0%,10
denuncia por ruido molesto,0,1,0%,10
juzgado de transito,0,1,0%,10
reclamos ruidos molestos,0,1,0%,10
certificado de antecedentes especiales,0,1,0%,11
denuncia por ruidos molestos,0,1,0%,11
juzgado de letras del trabajo de colina,0,1,0%,11
multa juzgado policia local,0,1,0%,11
notaria declaracion jurada de domicilio,0,1,0%,11
prescripcion de multas de transito,0,1,0%,11
jpl padre las casas,0,1,0%,12
juzgado de familia quinta normal,0,1,0%,12
multas juzgado policia local,0,1,0%,12
registro civil peñalolen transferencia de vehiculos,0,1,0%,13
sernac maipu,0,1,0%,13
art 2515 codigo civil chile,0,1,0%,15
certificado para fines especiales ley 21.733,0,1,0%,15
declaración jurada de ingresos,0,1,0%,16
notaría de independencia,0,1,0%,17
carta de cobranza de deuda,0,1,0%,19
certificado antecedentes para fines especiales,0,1,0%,19
certificado de residencia quilicura,0,1,0%,19
registro civil rancagua certificados,0,1,0%,22
papel de antecedentes fines especiales,0,1,0%,23
registro civil certificado de antecedentes fines especiales,0,1,0%,23
registro civil osorno certificados,0,1,0%,23
inspeccion del trabajo denuncia acoso laboral,0,1,0%,24
inspeccion del trabajo denuncia por acoso laboral,0,1,0%,24
poder simple chile,0,1,0%,24
registro civil santiago centro,0,1,0%,24
certificado antecedentes especiales,0,1,0%,28
registro civil punta arenas certificados,0,1,0%,29
subarriendo,0,1,0%,33
poder simple notarial,0,1,0%,35
qué es un recurso de protección,0,1,0%,36
amonestación verbal,0,1,0%,37
como cobrar finiquito,0,1,0%,39
ruidos molestos las condes,0,1,0%,39
carta de poder vehiculo,0,1,0%,40
divorcio mutuo acuerdo chile,0,1,0%,40
notaría la florida,0,1,0%,40
registro civil coquimbo certificados,0,1,0%,40
amonestacion,0,1,0%,41
juzgado de policia local los angeles,0,1,0%,42
cuando prescribe una multa de transito,0,1,0%,43
juzgado policia local los angeles,0,1,0%,44
registro civil viña del mar certificados,0,1,0%,44
jpl recoleta,0,1,0%,45
servicio de registro civil e identificación punta arenas,0,1,0%,45
carta de aviso de termino de contrato de arriendo,0,1,0%,46
cmf reclamos seguros,0,1,0%,46
reclamo subtel,0,1,0%,46
tribunal de familia los angeles,0,1,0%,46
poder simple notarial online,0,1,0%,48
demanda civil por daños y perjuicios por accidente de transito,0,1,0%,49
mutuo,0,1,0%,50
plazo para enviar carta de despido,0,1,0%,50
poder simple formato chile,0,1,0%,50
qué es un poder simple,0,1,0%,50
formato poder simple chile,0,1,0%,52
poder simple ejemplo chile,0,1,0%,52
cuando un contrato por obra o faena pasa a ser indefinido,0,1,0%,53
registro civil antecedentes fines especiales,0,1,0%,53
como renunciar en un trabajo,0,1,0%,54
jurada,0,1,0%,54
subtel reclamo,0,1,0%,54
declaracion de ingresos,0,1,0%,55
carta de renuncia en chile,0,1,0%,56
certificado antecedentes fines especiales registro civil,0,1,0%,56
160 1 5,0,1,0%,57
2196 codigo civil,0,1,0%,57
carta termino de contrato de arriendo,0,1,0%,58
juzgado de policia local calama,0,1,0%,60
poder simple online,0,1,0%,60
carta poder simple chile,0,1,0%,61
donde denunciar el maltrato animal,0,1,0%,61
eliminación de antecedentes penales,0,1,0%,62
poder simple ejemplo,0,1,0%,62
reclamo al sernac,0,1,0%,62
tuicion compartida,0,1,0%,63
modelo promesa compraventa inmueble,0,1,0%,64
certificado de antecedentes gratis para fines especiales,0,1,0%,65
como hacer un poder simple chile,0,1,0%,65
limpiar antecedentes penales,0,1,0%,65
reclamo en sernac,0,1,0%,65
como redactar un poder simple,0,1,0%,66
cuanto puede durar un contrato a plazo fijo,0,1,0%,66
fiscalia denuncia virtual,0,1,0%,66
ejemplo de poder simple,0,1,0%,67
poder simple modelo,0,1,0%,67
sacar certificado de antecedentes para fines especiales,0,1,0%,67
notaria en peñalolen,0,1,0%,68
carta amonestación,0,1,0%,70
denuncia fiscalia online,0,1,0%,70
en cuanto prescribe una deuda,0,1,0%,70
poder notarial simple,0,1,0%,71
despido necesidades de la empresa concepcion,0,1,0%,72
multas prescritas,0,1,0%,72
el cae prescribe,0,1,0%,73
formato poder simple word,0,1,0%,73
registro pension de alimentos,0,1,0%,74
www.sernac.cl reclamos,0,1,0%,74
ayuda legal chile,0,1,0%,75
denuncias fiscalia online,0,1,0%,75
notaria en maipu,0,1,0%,75
notarias en los angeles,0,1,0%,75
notarias en maipu,0,1,0%,75
notaría en la florida,0,1,0%,75
prestación de servicios,0,1,0%,75
declaración de ingresos,0,1,0%,76
denuncia en linea fiscalia,0,1,0%,76
denuncia online fiscalia,0,1,0%,76
protestar un cheque,0,1,0%,76
sociedad spa,0,1,0%,76
despido mutuo acuerdo,0,1,0%,77
las multas por tag prescriben,0,1,0%,77
notaria los angeles,0,1,0%,77
notaría san martín puerto montt,0,1,0%,77
como hacer un reclamo en sernac,0,1,0%,78
como limpiar antecedentes penales,0,1,0%,78
mutuo acuerdo,0,1,0%,78
notaria las condes,0,1,0%,78
notario valdivia,0,1,0%,79
registro nacional de deudores de pensiones de alimentos,0,1,0%,79
demandar por despido concepcion,0,1,0%,80
notaría iquique,0,1,0%,80
honorarios por redaccion de contrato,0,1,0%,81
registro civil pension de alimentos,0,1,0%,81
contrato de arriendo departamento,0,1,0%,82
las multas del tag prescriben,0,1,0%,82
como hacer una demanda de alimentos,0,1,0%,84
contrato de servicio,0,1,0%,84
donde denunciar ruidos molestos,0,1,0%,84
notaría providencia,0,1,0%,84
que es una spa en chile,0,1,0%,84
abogado divorcio concepcion,0,1,0%,85
despido por mutuo acuerdo,0,1,0%,85
asistencia legal,0,1,0%,86
como crear una spa en chile,0,1,0%,86
registro deudores de pension de alimentos,0,1,0%,86
registro nacional de deudores alimentarios,0,1,0%,86
como hacer cambio de nombre,0,1,0%,87
como vender un auto en chile,0,1,0%,87
promesa de compraventa de bien inmueble chile,0,1,0%,87
contrato a plazo fijo chile,0,1,0%,88
declaracion jurada simple,0,1,0%,88
sociedad por acciones chile,0,1,0%,88
cambio de nombre registro civil chile,0,1,0%,89
contrato compra venta,0,1,0%,89
prescripcion cae,0,1,0%,89
que es spa,0,1,0%,89
abogado divorcio conce,0,1,0%,90
que significa sociedad spa,0,1,0%,90
que significa spa en chile,0,1,0%,90
sociedad spa que significa,0,1,0%,90
contrato a plazo,0,1,0%,91
contrato de arriendo de departamento en chile,0,1,0%,91
poder notarial especial,0,1,0%,91
las deudas tributarias prescriben en chile,0,1,0%,93
notaria de valparaiso,0,1,0%,93
prescribir una deuda,0,1,0%,93
como vender un auto,0,1,0%,94
contrato a plazo fijo,0,1,0%,94
crear sociedad por acciones,0,1,0%,94
ruidos molestos,0,1,0%,94
contrato de compraventa,0,1,0%,96
ley de acoso laboral en chile,0,1,0%,96
notaria en providencia santiago,0,1,0%,96
poder notarial para trámites,0,1,0%,96
promesa de compraventa departamento,0,1,0%,96
como cambiar mi apellido en chile,0,1,0%,98
demanda por despido,0,1,0%,98
registro de posesiones efectivas,0,1,0%,99
constitucion empresa srl,0,1,0%,100